Model,NMSE,BER
ESN,0.17010852890812983,0.053896484375
FFNN,1.0217426513822432,0.498439453125
CNN,1.013757941920803,0.499861328125
RNN,0.16231176768896763,0.045068359375
